{
  "experiment": "E11-Indra-Gemma",
  "purpose": "A2 Gap Test - GQA+SWA replication",
  "timestamp": "20260113_202833",
  "model": "google/gemma-2-9b-it",
  "architecture": "GQA+SWA",
  "head_density_rho": 0.267,
  "hypothesis": "Indra should NOT inflate SI in healthy (non-collapsed) models",
  "reference": {
    "base_si": 0.79,
    "instruct_si": 0.791,
    "delta_si": 0.0015,
    "state": "HEALTHY",
    "base_correlation": 0.21,
    "instruct_correlation": 0.209
  },
  "layer_ranges": {
    "early": [
      0,
      14
    ],
    "middle": [
      14,
      28
    ],
    "late": [
      28,
      42
    ],
    "all": [
      0,
      42
    ]
  },
  "noise_levels": [
    0.0,
    0.01,
    0.02,
    0.05,
    0.1,
    0.2
  ],
  "methodology": {
    "standard": "E11-v3",
    "seeds": [
      42,
      123,
      456
    ],
    "max_length": 128,
    "dtype": "torch.bfloat16",
    "prompt_md5": "715065bab181f46bf12ed471951141e2",
    "prompt_md5_verified": true,
    "num_prompts": 10,
    "prompt_set": "Standard-10 v3",
    "quantization": "torch.bfloat16",
    "quantization_caveat": null,
    "3_seed_averaging": true
  },
  "results": {
    "baseline": {
      "specialization_index": 0.7417044263210059,
      "si_std": 1.1102230246251565e-16,
      "mean_head_correlation": 0.2582955736789943,
      "mean_head_variance": 0.0002039468220101504,
      "seed_results": [
        {
          "seed": 42,
          "si": 0.7417044263210057,
          "corr": 0.2582955736789943,
          "var": 0.00020394682201015042
        },
        {
          "seed": 123,
          "si": 0.7417044263210057,
          "corr": 0.2582955736789943,
          "var": 0.00020394682201015042
        },
        {
          "seed": 456,
          "si": 0.7417044263210057,
          "corr": 0.2582955736789943,
          "var": 0.00020394682201015042
        }
      ]
    },
    "treatments": [
      {
        "region": "early",
        "layer_range": [
          0,
          14
        ],
        "noise_tests": [
          {
            "noise_std": 0.0,
            "specialization_index": 0.7417044263210059,
            "si_std": 1.1102230246251565e-16,
            "mean_head_correlation": 0.2582955736789943,
            "mean_head_variance": 0.0002039468220101504,
            "si_delta": 0.0,
            "inflation_pct": 0.0,
            "corr_delta": 0.0,
            "seed_results": [
              {
                "seed": 42,
                "si": 0.7417044263210057,
                "corr": 0.2582955736789943,
                "var": 0.00020394682201015042
              },
              {
                "seed": 123,
                "si": 0.7417044263210057,
                "corr": 0.2582955736789943,
                "var": 0.00020394682201015042
              },
              {
                "seed": 456,
                "si": 0.7417044263210057,
                "corr": 0.2582955736789943,
                "var": 0.00020394682201015042
              }
            ]
          },
          {
            "noise_std": 0.01,
            "specialization_index": 0.7418352874946162,
            "si_std": 7.437539517208325e-05,
            "mean_head_correlation": 0.2581647125053837,
            "mean_head_variance": 0.00020393741112950943,
            "si_delta": 0.00013086117361038596,
            "inflation_pct": 0.01764330492936143,
            "corr_delta": -0.000130861173610608,
            "seed_results": [
              {
                "seed": 42,
                "si": 0.7418210990853449,
                "corr": 0.25817890091465506,
                "var": 0.0002039362878668583
              },
              {
                "seed": 123,
                "si": 0.7417521233705933,
                "corr": 0.25824787662940674,
                "var": 0.0002039423474828004
              },
              {
                "seed": 456,
                "si": 0.7419326400279107,
                "corr": 0.25806735997208924,
                "var": 0.00020393359803886967
              }
            ]
          },
          {
            "noise_std": 0.02,
            "specialization_index": 0.7416692018522858,
            "si_std": 0.00011514215423392524,
            "mean_head_correlation": 0.25833079814771426,
            "mean_head_variance": 0.0002038403870444267,
            "si_delta": -3.522446872006313e-05,
            "inflation_pct": -0.004749124782062196,
            "corr_delta": 3.522446871995211e-05,
            "seed_results": [
              {
                "seed": 42,
                "si": 0.7416542168683058,
                "corr": 0.25834578313169426,
                "var": 0.00020387951776595952
              },
              {
                "seed": 123,
                "si": 0.7415362729740582,
                "corr": 0.25846372702594184,
                "var": 0.00020385839257833105
              },
              {
                "seed": 456,
                "si": 0.7418171157144934,
                "corr": 0.2581828842855066,
                "var": 0.00020378325078898953
              }
            ]
          },
          {
            "noise_std": 0.05,
            "specialization_index": 0.7405745189072248,
            "si_std": 0.00013525448324534976,
            "mean_head_correlation": 0.25942548109277525,
            "mean_head_variance": 0.00020324671301434732,
            "si_delta": -0.0011299074137810505,
            "inflation_pct": -0.15233931114387506,
            "corr_delta": 0.0011299074137809395,
            "seed_results": [
              {
                "seed": 42,
                "si": 0.7405419219130635,
                "corr": 0.25945807808693655,
                "var": 0.00020332130319226566
              },
              {
                "seed": 123,
                "si": 0.7404275883020115,
                "corr": 0.2595724116979885,
                "var": 0.00020325171082661387
              },
              {
                "seed": 456,
                "si": 0.7407540465065994,
                "corr": 0.2592459534934006,
                "var": 0.0002031671250241625
              }
            ]
          },
          {
            "noise_std": 0.1,
            "specialization_index": 0.7373371158532711,
            "si_std": 0.0002550058570881459,
            "mean_head_correlation": 0.26266288414672895,
            "mean_head_variance": 0.0002011739011059758,
            "si_delta": -0.004367310467734753,
            "inflation_pct": -0.5888208715967138,
            "corr_delta": 0.004367310467734642,
            "seed_results": [
              {
                "seed": 42,
                "si": 0.7376875458418973,
                "corr": 0.26231245415810267,
                "var": 0.00020140844208935894
              },
              {
                "seed": 123,
                "si": 0.7370881370600628,
                "corr": 0.2629118629399372,
                "var": 0.00020121860122267402
              },
              {
                "seed": 456,
                "si": 0.7372356646578531,
                "corr": 0.26276433534214694,
                "var": 0.0002008946600058944
              }
            ]
          },
          {
            "noise_std": 0.2,
            "specialization_index": 0.7277311286454715,
            "si_std": 0.0008710243754712299,
            "mean_head_correlation": 0.2722688713545285,
            "mean_head_variance": 0.00019568148598850927,
            "si_delta": -0.013973297675534346,
            "inflation_pct": -1.8839442208595876,
            "corr_delta": 0.01397329767553418,
            "seed_results": [
              {
                "seed": 42,
                "si": 0.7268589455159493,
                "corr": 0.2731410544840506,
                "var": 0.00019616313577352145
              },
              {
                "seed": 123,
                "si": 0.7274138958209884,
                "corr": 0.27258610417901163,
                "var": 0.00019548946597621337
              },
              {
                "seed": 456,
                "si": 0.7289205445994769,
                "corr": 0.27107945540052314,
                "var": 0.00019539185621579298
              }
            ]
          }
        ],
        "max_inflation_noise": 0.01,
        "max_inflation_pct": 0.01764330492936143,
        "max_si": 0.7418352874946162
      },
      {
        "region": "middle",
        "layer_range": [
          14,
          28
        ],
        "noise_tests": [
          {
            "noise_std": 0.0,
            "specialization_index": 0.7417044263210059,
            "si_std": 1.1102230246251565e-16,
            "mean_head_correlation": 0.2582955736789943,
            "mean_head_variance": 0.0002039468220101504,
            "si_delta": 0.0,
            "inflation_pct": 0.0,
            "corr_delta": 0.0,
            "seed_results": [
              {
                "seed": 42,
                "si": 0.7417044263210057,
                "corr": 0.2582955736789943,
                "var": 0.00020394682201015042
              },
              {
                "seed": 123,
                "si": 0.7417044263210057,
                "corr": 0.2582955736789943,
                "var": 0.00020394682201015042
              },
              {
                "seed": 456,
                "si": 0.7417044263210057,
                "corr": 0.2582955736789943,
                "var": 0.00020394682201015042
              }
            ]
          },
          {
            "noise_std": 0.01,
            "specialization_index": 0.7419051824832991,
            "si_std": 7.295312934294279e-05,
            "mean_head_correlation": 0.258094817516701,
            "mean_head_variance": 0.00020393651604628206,
            "si_delta": 0.00020075616229320303,
            "inflation_pct": 0.027066868575800682,
            "corr_delta": -0.00020075616229331406,
            "seed_results": [
              {
                "seed": 42,
                "si": 0.7418088633991281,
                "corr": 0.2581911366008719,
                "var": 0.00020392821320674062
              },
              {
                "seed": 123,
                "si": 0.741985360990698,
                "corr": 0.258014639009302,
                "var": 0.00020398485881693648
              },
              {
                "seed": 456,
                "si": 0.741921323060071,
                "corr": 0.258078676939929,
                "var": 0.00020389647611516906
              }
            ]
          },
          {
            "noise_std": 0.02,
            "specialization_index": 0.741799691675737,
            "si_std": 0.00016401174344948726,
            "mean_head_correlation": 0.258200308324263,
            "mean_head_variance": 0.0002039173861670455,
            "si_delta": 9.526535473114439e-05,
            "inflation_pct": 0.01284411301192829,
            "corr_delta": -9.526535473131093e-05,
            "seed_results": [
              {
                "seed": 42,
                "si": 0.7415756170358991,
                "corr": 0.2584243829641009,
                "var": 0.00020388413150730652
              },
              {
                "seed": 123,
                "si": 0.7419636201781454,
                "corr": 0.2580363798218545,
                "var": 0.000203980301740097
              },
              {
                "seed": 456,
                "si": 0.7418598378131664,
                "corr": 0.25814016218683355,
                "var": 0.000203887725253733
              }
            ]
          },
          {
            "noise_std": 0.05,
            "specialization_index": 0.7417171302756524,
            "si_std": 0.00036031302979283846,
            "mean_head_correlation": 0.25828286972434755,
            "mean_head_variance": 0.00020379630000834478,
            "si_delta": 1.2703954646586801e-05,
            "inflation_pct": 0.001712805559163347,
            "corr_delta": -1.2703954646753335e-05,
            "seed_results": [
              {
                "seed": 42,
                "si": 0.7412219402013115,
                "corr": 0.2587780597986885,
                "var": 0.0002037235848831795
              },
              {
                "seed": 123,
                "si": 0.7418606661380067,
                "corr": 0.2581393338619933,
                "var": 0.00020393518815784624
              },
              {
                "seed": 456,
                "si": 0.742068784487639,
                "corr": 0.2579312155123609,
                "var": 0.00020373012698400868
              }
            ]
          },
          {
            "noise_std": 0.1,
            "specialization_index": 0.7425471533567802,
            "si_std": 0.0007392969550258536,
            "mean_head_correlation": 0.2574528466432197,
            "mean_head_variance": 0.00020333233040545947,
            "si_delta": 0.000842727035774371,
            "inflation_pct": 0.11362033255679171,
            "corr_delta": -0.0008427270357745931,
            "seed_results": [
              {
                "seed": 42,
                "si": 0.7415039866402133,
                "corr": 0.2584960133597866,
                "var": 0.00020327727658770765
              },
              {
                "seed": 123,
                "si": 0.7431295016938835,
                "corr": 0.2568704983061165,
                "var": 0.00020361412147283488
              },
              {
                "seed": 456,
                "si": 0.743007971736244,
                "corr": 0.256992028263756,
                "var": 0.00020310559315583592
              }
            ]
          },
          {
            "noise_std": 0.2,
            "specialization_index": 0.7518091099905421,
            "si_std": 0.000895175579636735,
            "mean_head_correlation": 0.24819089000945804,
            "mean_head_variance": 0.00020255944244159708,
            "si_delta": 0.010104683669536207,
            "inflation_pct": 1.3623598984918222,
            "corr_delta": -0.010104683669536263,
            "seed_results": [
              {
                "seed": 42,
                "si": 0.7505692323576062,
                "corr": 0.24943076764239377,
                "var": 0.00020292051140412325
              },
              {
                "seed": 123,
                "si": 0.7522076067850807,
                "corr": 0.2477923932149193,
                "var": 0.00020286225933067507
              },
              {
                "seed": 456,
                "si": 0.7526504908289391,
                "corr": 0.24734950917106097,
                "var": 0.00020189555658999298
              }
            ]
          }
        ],
        "max_inflation_noise": 0.2,
        "max_inflation_pct": 1.3623598984918222,
        "max_si": 0.7518091099905421
      },
      {
        "region": "late",
        "layer_range": [
          28,
          42
        ],
        "noise_tests": [
          {
            "noise_std": 0.0,
            "specialization_index": 0.7417044263210059,
            "si_std": 1.1102230246251565e-16,
            "mean_head_correlation": 0.2582955736789943,
            "mean_head_variance": 0.0002039468220101504,
            "si_delta": 0.0,
            "inflation_pct": 0.0,
            "corr_delta": 0.0,
            "seed_results": [
              {
                "seed": 42,
                "si": 0.7417044263210057,
                "corr": 0.2582955736789943,
                "var": 0.00020394682201015042
              },
              {
                "seed": 123,
                "si": 0.7417044263210057,
                "corr": 0.2582955736789943,
                "var": 0.00020394682201015042
              },
              {
                "seed": 456,
                "si": 0.7417044263210057,
                "corr": 0.2582955736789943,
                "var": 0.00020394682201015042
              }
            ]
          },
          {
            "noise_std": 0.01,
            "specialization_index": 0.7418445204205639,
            "si_std": 0.00012446530267464206,
            "mean_head_correlation": 0.2581554795794361,
            "mean_head_variance": 0.0002039512009160276,
            "si_delta": 0.0001400940995580635,
            "inflation_pct": 0.01888813044475907,
            "corr_delta": -0.00014009409955823005,
            "seed_results": [
              {
                "seed": 42,
                "si": 0.7420172220708517,
                "corr": 0.25798277792914825,
                "var": 0.00020400094000226198
              },
              {
                "seed": 123,
                "si": 0.7417876318143747,
                "corr": 0.2582123681856253,
                "var": 0.0002038885212355217
              },
              {
                "seed": 456,
                "si": 0.7417287073764653,
                "corr": 0.2582712926235347,
                "var": 0.0002039641415102991
              }
            ]
          },
          {
            "noise_std": 0.02,
            "specialization_index": 0.742259278143508,
            "si_std": 0.00013685789912502123,
            "mean_head_correlation": 0.2577407218564919,
            "mean_head_variance": 0.0002039210908268544,
            "si_delta": 0.0005548518225021448,
            "inflation_pct": 0.07480767308539801,
            "corr_delta": -0.0005548518225024224,
            "seed_results": [
              {
                "seed": 42,
                "si": 0.7424342666090951,
                "corr": 0.2575657333909049,
                "var": 0.00020397057912725243
              },
              {
                "seed": 123,
                "si": 0.7421001640495516,
                "corr": 0.2578998359504484,
                "var": 0.00020383780685362981
              },
              {
                "seed": 456,
                "si": 0.7422434037718776,
                "corr": 0.2577565962281224,
                "var": 0.0002039548864996809
              }
            ]
          },
          {
            "noise_std": 0.05,
            "specialization_index": 0.7454231750293797,
            "si_std": 0.00035114689180365527,
            "mean_head_correlation": 0.2545768249706202,
            "mean_head_variance": 0.00020363935125913878,
            "si_delta": 0.0037187487083738535,
            "inflation_pct": 0.5013787940864193,
            "corr_delta": -0.003718748708374131,
            "seed_results": [
              {
                "seed": 42,
                "si": 0.7458110429957485,
                "corr": 0.2541889570042514,
                "var": 0.00020381223215821628
              },
              {
                "seed": 123,
                "si": 0.7449606799918078,
                "corr": 0.25503932000819224,
                "var": 0.00020346568584176395
              },
              {
                "seed": 456,
                "si": 0.7454978021005831,
                "corr": 0.2545021978994168,
                "var": 0.00020364013577743614
              }
            ]
          },
          {
            "noise_std": 0.1,
            "specialization_index": 0.7556247897593217,
            "si_std": 0.000510157136968866,
            "mean_head_correlation": 0.24437521024067824,
            "mean_head_variance": 0.00020288493866376745,
            "si_delta": 0.01392036343831582,
            "inflation_pct": 1.8768073836856352,
            "corr_delta": -0.013920363438316069,
            "seed_results": [
              {
                "seed": 42,
                "si": 0.7562828810082929,
                "corr": 0.24371711899170714,
                "var": 0.00020323557263859335
              },
              {
                "seed": 123,
                "si": 0.755039663312397,
                "corr": 0.24496033668760292,
                "var": 0.00020264723342015484
              },
              {
                "seed": 456,
                "si": 0.7555518249572754,
                "corr": 0.24444817504272465,
                "var": 0.0002027720099325542
              }
            ]
          },
          {
            "noise_std": 0.2,
            "specialization_index": 0.7798865529128132,
            "si_std": 0.0009748522998254519,
            "mean_head_correlation": 0.22011344708718683,
            "mean_head_variance": 0.00020131031242044545,
            "si_delta": 0.03818212659180731,
            "inflation_pct": 5.147889811201192,
            "corr_delta": -0.038182126591807475,
            "seed_results": [
              {
                "seed": 42,
                "si": 0.7806669447330989,
                "corr": 0.21933305526690106,
                "var": 0.00020182693061819966
              },
              {
                "seed": 123,
                "si": 0.778512107560285,
                "corr": 0.22148789243971498,
                "var": 0.00020102634172998045
              },
              {
                "seed": 456,
                "si": 0.7804806064450556,
                "corr": 0.2195193935549445,
                "var": 0.0002010776649131562
              }
            ]
          }
        ],
        "max_inflation_noise": 0.2,
        "max_inflation_pct": 5.147889811201192,
        "max_si": 0.7798865529128132
      },
      {
        "region": "all",
        "layer_range": [
          0,
          42
        ],
        "noise_tests": [
          {
            "noise_std": 0.0,
            "specialization_index": 0.7417044263210059,
            "si_std": 1.1102230246251565e-16,
            "mean_head_correlation": 0.2582955736789943,
            "mean_head_variance": 0.0002039468220101504,
            "si_delta": 0.0,
            "inflation_pct": 0.0,
            "corr_delta": 0.0,
            "seed_results": [
              {
                "seed": 42,
                "si": 0.7417044263210057,
                "corr": 0.2582955736789943,
                "var": 0.00020394682201015042
              },
              {
                "seed": 123,
                "si": 0.7417044263210057,
                "corr": 0.2582955736789943,
                "var": 0.00020394682201015042
              },
              {
                "seed": 456,
                "si": 0.7417044263210057,
                "corr": 0.2582955736789943,
                "var": 0.00020394682201015042
              }
            ]
          },
          {
            "noise_std": 0.01,
            "specialization_index": 0.7419316021392529,
            "si_std": 0.00017171576842082677,
            "mean_head_correlation": 0.25806839786074703,
            "mean_head_variance": 0.0002039212584488353,
            "si_delta": 0.00022717581824704958,
            "inflation_pct": 0.030628888029411473,
            "corr_delta": -0.00022717581824727162,
            "seed_results": [
              {
                "seed": 42,
                "si": 0.741898574777245,
                "corr": 0.25810142522275503,
                "var": 0.00020390958362841123
              },
              {
                "seed": 123,
                "si": 0.7421564697324008,
                "corr": 0.25784353026759926,
                "var": 0.00020396702495122318
              },
              {
                "seed": 456,
                "si": 0.7417397619081132,
                "corr": 0.25826023809188675,
                "var": 0.00020388716676687153
              }
            ]
          },
          {
            "noise_std": 0.02,
            "specialization_index": 0.742073046221221,
            "si_std": 0.00038905156021773945,
            "mean_head_correlation": 0.25792695377877894,
            "mean_head_variance": 0.00020371435120918863,
            "si_delta": 0.00036861990021519464,
            "inflation_pct": 0.04969902930789008,
            "corr_delta": -0.0003686199002153612,
            "seed_results": [
              {
                "seed": 42,
                "si": 0.7418666264397598,
                "corr": 0.25813337356024024,
                "var": 0.00020367468826393176
              },
              {
                "seed": 123,
                "si": 0.7426179401960298,
                "corr": 0.2573820598039703,
                "var": 0.00020373674011468188
              },
              {
                "seed": 456,
                "si": 0.7417345720278736,
                "corr": 0.2582654279721263,
                "var": 0.00020373162524895227
              }
            ]
          },
          {
            "noise_std": 0.05,
            "specialization_index": 0.7441981677608004,
            "si_std": 0.0007857953201274749,
            "mean_head_correlation": 0.2558018322391995,
            "mean_head_variance": 0.00020265057827369666,
            "si_delta": 0.002493741439794528,
            "inflation_pct": 0.33621768339228564,
            "corr_delta": -0.0024937414397948054,
            "seed_results": [
              {
                "seed": 42,
                "si": 0.7438693711648895,
                "corr": 0.2561306288351105,
                "var": 0.00020250607792863983
              },
              {
                "seed": 123,
                "si": 0.745281876140605,
                "corr": 0.2547181238593949,
                "var": 0.00020288081985092997
              },
              {
                "seed": 456,
                "si": 0.7434432559769069,
                "corr": 0.2565567440230931,
                "var": 0.00020256483704152013
              }
            ]
          },
          {
            "noise_std": 0.1,
            "specialization_index": 0.7517790704165918,
            "si_std": 0.0019914935197346607,
            "mean_head_correlation": 0.24822092958340827,
            "mean_head_variance": 0.00019902637207963779,
            "si_delta": 0.010074644095585894,
            "inflation_pct": 1.3583098250549794,
            "corr_delta": -0.010074644095586033,
            "seed_results": [
              {
                "seed": 42,
                "si": 0.7503855709444952,
                "corr": 0.24961442905550477,
                "var": 0.00019872971031173388
              },
              {
                "seed": 123,
                "si": 0.7545954165941042,
                "corr": 0.24540458340589577,
                "var": 0.00019945648488581939
              },
              {
                "seed": 456,
                "si": 0.7503562237111758,
                "corr": 0.24964377628882423,
                "var": 0.0001988929210413602
              }
            ]
          },
          {
            "noise_std": 0.2,
            "specialization_index": 0.768694739432361,
            "si_std": 0.0028329582278416128,
            "mean_head_correlation": 0.2313052605676391,
            "mean_head_variance": 0.00018871021194083568,
            "si_delta": 0.026990313111355135,
            "inflation_pct": 3.638958074610959,
            "corr_delta": -0.02699031311135522,
            "seed_results": [
              {
                "seed": 42,
                "si": 0.7665578517920362,
                "corr": 0.23344214820796386,
                "var": 0.0001881278089894193
              },
              {
                "seed": 123,
                "si": 0.7726981043571722,
                "corr": 0.2273018956428278,
                "var": 0.0001894697180648343
              },
              {
                "seed": 456,
                "si": 0.7668282621478744,
                "corr": 0.2331717378521256,
                "var": 0.0001885331087682535
              }
            ]
          }
        ],
        "max_inflation_noise": 0.2,
        "max_inflation_pct": 3.638958074610959,
        "max_si": 0.768694739432361
      }
    ],
    "quantization": "torch.bfloat16",
    "verdict": {
      "code": "A2_PARTIAL",
      "worst_region": "late",
      "worst_inflation_pct": 5.147889811201192,
      "baseline_si": 0.7417044263210057,
      "model_state": "HEALTHY",
      "architecture": "GQA+SWA"
    }
  }
}