{
  "experiment": "E11-Indra-Gemma27B-V4-Dual",
  "purpose": "Split-Brain Validation (8-bit vs Full Precision)",
  "timestamp": "20260113_222257",
  "precision_mode": "fp",
  "model": "google/gemma-2-27b-it",
  "architecture": "GQA (32:16)+SWA",
  "methodology": {
    "standard": "E11-v3",
    "seeds": [
      42,
      123,
      456
    ],
    "max_length": 128,
    "dtype": "torch.bfloat16",
    "prompt_md5": "715065bab181f46bf12ed471951141e2",
    "prompt_md5_verified": true,
    "num_prompts": 10,
    "quantization": "fp_bfloat16",
    "si_method": "GLOBAL + LOCAL"
  },
  "rho": 0.47140452079103173,
  "rho_head": 0.47140452079103173,
  "rho_kv": 0.34782608695652173,
  "rho_crit": 0.267,
  "layer_ranges": {
    "early": [
      0,
      15
    ],
    "middle": [
      15,
      30
    ],
    "late": [
      30,
      46
    ],
    "all": [
      0,
      46
    ]
  },
  "noise_levels": [
    0.0,
    0.01,
    0.02,
    0.05,
    0.1,
    0.2
  ],
  "results": {
    "baseline_global": {
      "mean_head_variance": 0.025165771872811032,
      "mean_head_correlation": 0.24202763267047928,
      "specialization_index": 0.7579723673295207,
      "num_layers": 46,
      "num_heads": 32,
      "method": "GLOBAL"
    },
    "baseline_local": {
      "early": {
        "mean_head_variance": 0.041675305928031196,
        "mean_head_correlation": 0.05430661055225154,
        "specialization_index": 0.9456933894477485,
        "num_layers": 15,
        "num_heads": 32,
        "method": "LOCAL",
        "layer_range": [
          0,
          15
        ]
      },
      "middle": {
        "mean_head_variance": 0.015913569569762247,
        "mean_head_correlation": 0.32834027655162634,
        "specialization_index": 0.6716597234483737,
        "num_layers": 15,
        "num_heads": 32,
        "method": "LOCAL",
        "layer_range": [
          15,
          30
        ]
      },
      "late": {
        "mean_head_variance": 0.018362023355150376,
        "mean_head_correlation": 0.22165617805106824,
        "specialization_index": 0.7783438219489318,
        "num_layers": 16,
        "num_heads": 32,
        "method": "LOCAL",
        "layer_range": [
          30,
          46
        ]
      },
      "all": {
        "mean_head_variance": 0.025165771872811032,
        "mean_head_correlation": 0.24202763267047928,
        "specialization_index": 0.7579723673295207,
        "num_layers": 46,
        "num_heads": 32,
        "method": "LOCAL",
        "layer_range": [
          0,
          46
        ]
      }
    },
    "treatments_global": [
      {
        "region": "early",
        "layer_range": [
          0,
          15
        ],
        "seed": 42,
        "si_method": "GLOBAL",
        "noise_tests": [
          {
            "noise_std": 0.0,
            "si": 0.7579723673295207,
            "si_delta": 0.0,
            "change_pct": 0.0
          },
          {
            "noise_std": 0.01,
            "si": 0.7577392644401921,
            "si_delta": -0.00023310288932854029,
            "change_pct": -0.030753481178978283
          },
          {
            "noise_std": 0.02,
            "si": 0.7578289463897885,
            "si_delta": -0.00014342093973218617,
            "change_pct": -0.018921658085964948
          },
          {
            "noise_std": 0.05,
            "si": 0.7575046690692021,
            "si_delta": -0.0004676982603185609,
            "change_pct": -0.061703866852870895
          },
          {
            "noise_std": 0.1,
            "si": 0.7579794491726828,
            "si_delta": 7.081843162115575e-06,
            "change_pct": 0.0009343141606950979
          },
          {
            "noise_std": 0.2,
            "si": 0.756727401324617,
            "si_delta": -0.001244966004903647,
            "change_pct": -0.1642495239357995
          }
        ],
        "min_change_pct": -0.1642495239357995,
        "max_change_pct": 0.0009343141606950979
      },
      {
        "region": "middle",
        "layer_range": [
          15,
          30
        ],
        "seed": 42,
        "si_method": "GLOBAL",
        "noise_tests": [
          {
            "noise_std": 0.0,
            "si": 0.7579723673295207,
            "si_delta": 0.0,
            "change_pct": 0.0
          },
          {
            "noise_std": 0.01,
            "si": 0.7580324441964601,
            "si_delta": 6.007686693942915e-05,
            "change_pct": 0.007925996979427002
          },
          {
            "noise_std": 0.02,
            "si": 0.7578505823021119,
            "si_delta": -0.00012178502740878283,
            "change_pct": -0.016067212032788793
          },
          {
            "noise_std": 0.05,
            "si": 0.7580386590414685,
            "si_delta": 6.629171194783012e-05,
            "change_pct": 0.008745927266634838
          },
          {
            "noise_std": 0.1,
            "si": 0.7579646821989116,
            "si_delta": -7.685130609114132e-06,
            "change_pct": -0.001013906435163368
          },
          {
            "noise_std": 0.2,
            "si": 0.7576546485476261,
            "si_delta": -0.0003177187818945715,
            "change_pct": -0.04191693465211068
          }
        ],
        "min_change_pct": -0.04191693465211068,
        "max_change_pct": 0.008745927266634838
      },
      {
        "region": "late",
        "layer_range": [
          30,
          46
        ],
        "seed": 42,
        "si_method": "GLOBAL",
        "noise_tests": [
          {
            "noise_std": 0.0,
            "si": 0.7579723673295207,
            "si_delta": 0.0,
            "change_pct": 0.0
          },
          {
            "noise_std": 0.01,
            "si": 0.7579456078169382,
            "si_delta": -2.6759512582463785e-05,
            "change_pct": -0.0035304074047900432
          },
          {
            "noise_std": 0.02,
            "si": 0.7579480533823552,
            "si_delta": -2.431394716551072e-05,
            "change_pct": -0.0032077616828134954
          },
          {
            "noise_std": 0.05,
            "si": 0.7578257233171724,
            "si_delta": -0.00014664401234831814,
            "change_pct": -0.019346881056491887
          },
          {
            "noise_std": 0.1,
            "si": 0.757869390798635,
            "si_delta": -0.00010297653088564562,
            "change_pct": -0.013585789578115008
          },
          {
            "noise_std": 0.2,
            "si": 0.7580804836890505,
            "si_delta": 0.00010811635952978627,
            "change_pct": 0.014263891955679144
          }
        ],
        "min_change_pct": -0.019346881056491887,
        "max_change_pct": 0.014263891955679144
      },
      {
        "region": "all",
        "layer_range": [
          0,
          46
        ],
        "seed": 42,
        "si_method": "GLOBAL",
        "noise_tests": [
          {
            "noise_std": 0.0,
            "si": 0.7579723673295207,
            "si_delta": 0.0,
            "change_pct": 0.0
          },
          {
            "noise_std": 0.01,
            "si": 0.7578742335821125,
            "si_delta": -9.813374740819114e-05,
            "change_pct": -0.012946876645903967
          },
          {
            "noise_std": 0.02,
            "si": 0.7580501907204453,
            "si_delta": 7.78233909246584e-05,
            "change_pct": 0.010267312408609942
          },
          {
            "noise_std": 0.05,
            "si": 0.7582324795442219,
            "si_delta": 0.0002601122147012358,
            "change_pct": 0.034316846617728304
          },
          {
            "noise_std": 0.1,
            "si": 0.757991369129471,
            "si_delta": 1.9001799950291165e-05,
            "change_pct": 0.0025069251557597125
          },
          {
            "noise_std": 0.2,
            "si": 0.7575446441416815,
            "si_delta": -0.0004277231878391241,
            "change_pct": -0.056429918328826864
          }
        ],
        "min_change_pct": -0.056429918328826864,
        "max_change_pct": 0.034316846617728304
      }
    ],
    "treatments_local": [
      {
        "region": "early",
        "layer_range": [
          0,
          15
        ],
        "seed": 42,
        "si_method": "LOCAL",
        "noise_tests": [
          {
            "noise_std": 0.0,
            "si": 0.9456933894477485,
            "si_delta": 0.0,
            "change_pct": 0.0
          },
          {
            "noise_std": 0.01,
            "si": 0.9456575077552127,
            "si_delta": -3.588169253576634e-05,
            "change_pct": -0.0037942205091144794
          },
          {
            "noise_std": 0.02,
            "si": 0.9453394438681582,
            "si_delta": -0.00035394557959034234,
            "change_pct": -0.037427096724979125
          },
          {
            "noise_std": 0.05,
            "si": 0.945321854517652,
            "si_delta": -0.000371534930096451,
            "change_pct": -0.03928703893271521
          },
          {
            "noise_std": 0.1,
            "si": 0.9454224857368911,
            "si_delta": -0.000270903710857362,
            "change_pct": -0.028646040448221822
          },
          {
            "noise_std": 0.2,
            "si": 0.9458936004127714,
            "si_delta": 0.0002002109650228734,
            "change_pct": 0.021170811518497503
          }
        ],
        "min_change_pct": -0.03928703893271521,
        "max_change_pct": 0.021170811518497503
      },
      {
        "region": "middle",
        "layer_range": [
          15,
          30
        ],
        "seed": 42,
        "si_method": "LOCAL",
        "noise_tests": [
          {
            "noise_std": 0.0,
            "si": 0.6716597234483737,
            "si_delta": 0.0,
            "change_pct": 0.0
          },
          {
            "noise_std": 0.01,
            "si": 0.6717101873266889,
            "si_delta": 5.046387831519894e-05,
            "change_pct": 0.0075133101708275635
          },
          {
            "noise_std": 0.02,
            "si": 0.6711009049464467,
            "si_delta": -0.0005588185019269609,
            "change_pct": -0.08319964446549308
          },
          {
            "noise_std": 0.05,
            "si": 0.6716740341531235,
            "si_delta": 1.4310704749886938e-05,
            "change_pct": 0.0021306480424960177
          },
          {
            "noise_std": 0.1,
            "si": 0.6712596163733333,
            "si_delta": -0.0004001070750403457,
            "change_pct": -0.05956990736114899
          },
          {
            "noise_std": 0.2,
            "si": 0.6711883559541968,
            "si_delta": -0.0004713674941768664,
            "change_pct": -0.07017950871861346
          }
        ],
        "min_change_pct": -0.08319964446549308,
        "max_change_pct": 0.0075133101708275635
      },
      {
        "region": "late",
        "layer_range": [
          30,
          46
        ],
        "seed": 42,
        "si_method": "LOCAL",
        "noise_tests": [
          {
            "noise_std": 0.0,
            "si": 0.7783438219489318,
            "si_delta": 0.0,
            "change_pct": 0.0
          },
          {
            "noise_std": 0.01,
            "si": 0.7780428138253309,
            "si_delta": -0.0003010081236008988,
            "change_pct": -0.038672899445285035
          },
          {
            "noise_std": 0.02,
            "si": 0.7781935375093036,
            "si_delta": -0.00015028443962816773,
            "change_pct": -0.01930823312143256
          },
          {
            "noise_std": 0.05,
            "si": 0.7782170733296775,
            "si_delta": -0.00012674861925432435,
            "change_pct": -0.016284399731850186
          },
          {
            "noise_std": 0.1,
            "si": 0.778152051415393,
            "si_delta": -0.00019177053353880424,
            "change_pct": -0.024638280427102376
          },
          {
            "noise_std": 0.2,
            "si": 0.7787041852790849,
            "si_delta": 0.00036036333015310174,
            "change_pct": 0.04629873328354698
          }
        ],
        "min_change_pct": -0.038672899445285035,
        "max_change_pct": 0.04629873328354698
      },
      {
        "region": "all",
        "layer_range": [
          0,
          46
        ],
        "seed": 42,
        "si_method": "LOCAL",
        "noise_tests": [
          {
            "noise_std": 0.0,
            "si": 0.7579723673295207,
            "si_delta": 0.0,
            "change_pct": 0.0
          },
          {
            "noise_std": 0.01,
            "si": 0.7578742335821125,
            "si_delta": -9.813374740819114e-05,
            "change_pct": -0.012946876645903967
          },
          {
            "noise_std": 0.02,
            "si": 0.7580501907204453,
            "si_delta": 7.78233909246584e-05,
            "change_pct": 0.010267312408609942
          },
          {
            "noise_std": 0.05,
            "si": 0.7582324795442219,
            "si_delta": 0.0002601122147012358,
            "change_pct": 0.034316846617728304
          },
          {
            "noise_std": 0.1,
            "si": 0.757991369129471,
            "si_delta": 1.9001799950291165e-05,
            "change_pct": 0.0025069251557597125
          },
          {
            "noise_std": 0.2,
            "si": 0.7575446441416815,
            "si_delta": -0.0004277231878391241,
            "change_pct": -0.056429918328826864
          }
        ],
        "min_change_pct": -0.056429918328826864,
        "max_change_pct": 0.034316846617728304
      }
    ],
    "quantization": "fp_bfloat16",
    "injection_method": "PRE-ATTENTION",
    "si_method": "GLOBAL + LOCAL",
    "multi_seed_results": {
      "42": {
        "global": [
          {
            "region": "early",
            "layer_range": [
              0,
              15
            ],
            "seed": 42,
            "si_method": "GLOBAL",
            "noise_tests": [
              {
                "noise_std": 0.0,
                "si": 0.7579723673295207,
                "si_delta": 0.0,
                "change_pct": 0.0
              },
              {
                "noise_std": 0.01,
                "si": 0.7577392644401921,
                "si_delta": -0.00023310288932854029,
                "change_pct": -0.030753481178978283
              },
              {
                "noise_std": 0.02,
                "si": 0.7578289463897885,
                "si_delta": -0.00014342093973218617,
                "change_pct": -0.018921658085964948
              },
              {
                "noise_std": 0.05,
                "si": 0.7575046690692021,
                "si_delta": -0.0004676982603185609,
                "change_pct": -0.061703866852870895
              },
              {
                "noise_std": 0.1,
                "si": 0.7579794491726828,
                "si_delta": 7.081843162115575e-06,
                "change_pct": 0.0009343141606950979
              },
              {
                "noise_std": 0.2,
                "si": 0.756727401324617,
                "si_delta": -0.001244966004903647,
                "change_pct": -0.1642495239357995
              }
            ],
            "min_change_pct": -0.1642495239357995,
            "max_change_pct": 0.0009343141606950979
          },
          {
            "region": "middle",
            "layer_range": [
              15,
              30
            ],
            "seed": 42,
            "si_method": "GLOBAL",
            "noise_tests": [
              {
                "noise_std": 0.0,
                "si": 0.7579723673295207,
                "si_delta": 0.0,
                "change_pct": 0.0
              },
              {
                "noise_std": 0.01,
                "si": 0.7580324441964601,
                "si_delta": 6.007686693942915e-05,
                "change_pct": 0.007925996979427002
              },
              {
                "noise_std": 0.02,
                "si": 0.7578505823021119,
                "si_delta": -0.00012178502740878283,
                "change_pct": -0.016067212032788793
              },
              {
                "noise_std": 0.05,
                "si": 0.7580386590414685,
                "si_delta": 6.629171194783012e-05,
                "change_pct": 0.008745927266634838
              },
              {
                "noise_std": 0.1,
                "si": 0.7579646821989116,
                "si_delta": -7.685130609114132e-06,
                "change_pct": -0.001013906435163368
              },
              {
                "noise_std": 0.2,
                "si": 0.7576546485476261,
                "si_delta": -0.0003177187818945715,
                "change_pct": -0.04191693465211068
              }
            ],
            "min_change_pct": -0.04191693465211068,
            "max_change_pct": 0.008745927266634838
          },
          {
            "region": "late",
            "layer_range": [
              30,
              46
            ],
            "seed": 42,
            "si_method": "GLOBAL",
            "noise_tests": [
              {
                "noise_std": 0.0,
                "si": 0.7579723673295207,
                "si_delta": 0.0,
                "change_pct": 0.0
              },
              {
                "noise_std": 0.01,
                "si": 0.7579456078169382,
                "si_delta": -2.6759512582463785e-05,
                "change_pct": -0.0035304074047900432
              },
              {
                "noise_std": 0.02,
                "si": 0.7579480533823552,
                "si_delta": -2.431394716551072e-05,
                "change_pct": -0.0032077616828134954
              },
              {
                "noise_std": 0.05,
                "si": 0.7578257233171724,
                "si_delta": -0.00014664401234831814,
                "change_pct": -0.019346881056491887
              },
              {
                "noise_std": 0.1,
                "si": 0.757869390798635,
                "si_delta": -0.00010297653088564562,
                "change_pct": -0.013585789578115008
              },
              {
                "noise_std": 0.2,
                "si": 0.7580804836890505,
                "si_delta": 0.00010811635952978627,
                "change_pct": 0.014263891955679144
              }
            ],
            "min_change_pct": -0.019346881056491887,
            "max_change_pct": 0.014263891955679144
          },
          {
            "region": "all",
            "layer_range": [
              0,
              46
            ],
            "seed": 42,
            "si_method": "GLOBAL",
            "noise_tests": [
              {
                "noise_std": 0.0,
                "si": 0.7579723673295207,
                "si_delta": 0.0,
                "change_pct": 0.0
              },
              {
                "noise_std": 0.01,
                "si": 0.7578742335821125,
                "si_delta": -9.813374740819114e-05,
                "change_pct": -0.012946876645903967
              },
              {
                "noise_std": 0.02,
                "si": 0.7580501907204453,
                "si_delta": 7.78233909246584e-05,
                "change_pct": 0.010267312408609942
              },
              {
                "noise_std": 0.05,
                "si": 0.7582324795442219,
                "si_delta": 0.0002601122147012358,
                "change_pct": 0.034316846617728304
              },
              {
                "noise_std": 0.1,
                "si": 0.757991369129471,
                "si_delta": 1.9001799950291165e-05,
                "change_pct": 0.0025069251557597125
              },
              {
                "noise_std": 0.2,
                "si": 0.7575446441416815,
                "si_delta": -0.0004277231878391241,
                "change_pct": -0.056429918328826864
              }
            ],
            "min_change_pct": -0.056429918328826864,
            "max_change_pct": 0.034316846617728304
          }
        ],
        "local": [
          {
            "region": "early",
            "layer_range": [
              0,
              15
            ],
            "seed": 42,
            "si_method": "LOCAL",
            "noise_tests": [
              {
                "noise_std": 0.0,
                "si": 0.9456933894477485,
                "si_delta": 0.0,
                "change_pct": 0.0
              },
              {
                "noise_std": 0.01,
                "si": 0.9456575077552127,
                "si_delta": -3.588169253576634e-05,
                "change_pct": -0.0037942205091144794
              },
              {
                "noise_std": 0.02,
                "si": 0.9453394438681582,
                "si_delta": -0.00035394557959034234,
                "change_pct": -0.037427096724979125
              },
              {
                "noise_std": 0.05,
                "si": 0.945321854517652,
                "si_delta": -0.000371534930096451,
                "change_pct": -0.03928703893271521
              },
              {
                "noise_std": 0.1,
                "si": 0.9454224857368911,
                "si_delta": -0.000270903710857362,
                "change_pct": -0.028646040448221822
              },
              {
                "noise_std": 0.2,
                "si": 0.9458936004127714,
                "si_delta": 0.0002002109650228734,
                "change_pct": 0.021170811518497503
              }
            ],
            "min_change_pct": -0.03928703893271521,
            "max_change_pct": 0.021170811518497503
          },
          {
            "region": "middle",
            "layer_range": [
              15,
              30
            ],
            "seed": 42,
            "si_method": "LOCAL",
            "noise_tests": [
              {
                "noise_std": 0.0,
                "si": 0.6716597234483737,
                "si_delta": 0.0,
                "change_pct": 0.0
              },
              {
                "noise_std": 0.01,
                "si": 0.6717101873266889,
                "si_delta": 5.046387831519894e-05,
                "change_pct": 0.0075133101708275635
              },
              {
                "noise_std": 0.02,
                "si": 0.6711009049464467,
                "si_delta": -0.0005588185019269609,
                "change_pct": -0.08319964446549308
              },
              {
                "noise_std": 0.05,
                "si": 0.6716740341531235,
                "si_delta": 1.4310704749886938e-05,
                "change_pct": 0.0021306480424960177
              },
              {
                "noise_std": 0.1,
                "si": 0.6712596163733333,
                "si_delta": -0.0004001070750403457,
                "change_pct": -0.05956990736114899
              },
              {
                "noise_std": 0.2,
                "si": 0.6711883559541968,
                "si_delta": -0.0004713674941768664,
                "change_pct": -0.07017950871861346
              }
            ],
            "min_change_pct": -0.08319964446549308,
            "max_change_pct": 0.0075133101708275635
          },
          {
            "region": "late",
            "layer_range": [
              30,
              46
            ],
            "seed": 42,
            "si_method": "LOCAL",
            "noise_tests": [
              {
                "noise_std": 0.0,
                "si": 0.7783438219489318,
                "si_delta": 0.0,
                "change_pct": 0.0
              },
              {
                "noise_std": 0.01,
                "si": 0.7780428138253309,
                "si_delta": -0.0003010081236008988,
                "change_pct": -0.038672899445285035
              },
              {
                "noise_std": 0.02,
                "si": 0.7781935375093036,
                "si_delta": -0.00015028443962816773,
                "change_pct": -0.01930823312143256
              },
              {
                "noise_std": 0.05,
                "si": 0.7782170733296775,
                "si_delta": -0.00012674861925432435,
                "change_pct": -0.016284399731850186
              },
              {
                "noise_std": 0.1,
                "si": 0.778152051415393,
                "si_delta": -0.00019177053353880424,
                "change_pct": -0.024638280427102376
              },
              {
                "noise_std": 0.2,
                "si": 0.7787041852790849,
                "si_delta": 0.00036036333015310174,
                "change_pct": 0.04629873328354698
              }
            ],
            "min_change_pct": -0.038672899445285035,
            "max_change_pct": 0.04629873328354698
          },
          {
            "region": "all",
            "layer_range": [
              0,
              46
            ],
            "seed": 42,
            "si_method": "LOCAL",
            "noise_tests": [
              {
                "noise_std": 0.0,
                "si": 0.7579723673295207,
                "si_delta": 0.0,
                "change_pct": 0.0
              },
              {
                "noise_std": 0.01,
                "si": 0.7578742335821125,
                "si_delta": -9.813374740819114e-05,
                "change_pct": -0.012946876645903967
              },
              {
                "noise_std": 0.02,
                "si": 0.7580501907204453,
                "si_delta": 7.78233909246584e-05,
                "change_pct": 0.010267312408609942
              },
              {
                "noise_std": 0.05,
                "si": 0.7582324795442219,
                "si_delta": 0.0002601122147012358,
                "change_pct": 0.034316846617728304
              },
              {
                "noise_std": 0.1,
                "si": 0.757991369129471,
                "si_delta": 1.9001799950291165e-05,
                "change_pct": 0.0025069251557597125
              },
              {
                "noise_std": 0.2,
                "si": 0.7575446441416815,
                "si_delta": -0.0004277231878391241,
                "change_pct": -0.056429918328826864
              }
            ],
            "min_change_pct": -0.056429918328826864,
            "max_change_pct": 0.034316846617728304
          }
        ]
      },
      "123": {
        "global": [
          {
            "region": "early",
            "layer_range": [
              0,
              15
            ],
            "seed": 123,
            "si_method": "GLOBAL",
            "noise_tests": [
              {
                "noise_std": 0.0,
                "si": 0.7579723673295207,
                "si_delta": 0.0,
                "change_pct": 0.0
              },
              {
                "noise_std": 0.01,
                "si": 0.7579822427548839,
                "si_delta": 9.875425363237156e-06,
                "change_pct": 0.0013028740609674384
              },
              {
                "noise_std": 0.02,
                "si": 0.7582387204154285,
                "si_delta": 0.00026635308590783335,
                "change_pct": 0.03514021056549138
              },
              {
                "noise_std": 0.05,
                "si": 0.7588259813660454,
                "si_delta": 0.0008536140365247302,
                "change_pct": 0.11261809444744973
              },
              {
                "noise_std": 0.1,
                "si": 0.7581956950298951,
                "si_delta": 0.00022332770037447602,
                "change_pct": 0.029463831400780686
              },
              {
                "noise_std": 0.2,
                "si": 0.7575172843928857,
                "si_delta": -0.00045508293663498733,
                "change_pct": -0.06003951545599613
              }
            ],
            "min_change_pct": -0.06003951545599613,
            "max_change_pct": 0.11261809444744973
          },
          {
            "region": "middle",
            "layer_range": [
              15,
              30
            ],
            "seed": 123,
            "si_method": "GLOBAL",
            "noise_tests": [
              {
                "noise_std": 0.0,
                "si": 0.7579723673295207,
                "si_delta": 0.0,
                "change_pct": 0.0
              },
              {
                "noise_std": 0.01,
                "si": 0.7576651555918916,
                "si_delta": -0.00030721173762904286,
                "change_pct": -0.04053073052140511
              },
              {
                "noise_std": 0.02,
                "si": 0.7579177061602156,
                "si_delta": -5.466116930508136e-05,
                "change_pct": -0.00721149894918504
              },
              {
                "noise_std": 0.05,
                "si": 0.7579405892504631,
                "si_delta": -3.1778079057520614e-05,
                "change_pct": -0.0041925115515069195
              },
              {
                "noise_std": 0.1,
                "si": 0.7577874525583805,
                "si_delta": -0.00018491477114013222,
                "change_pct": -0.024395977889223295
              },
              {
                "noise_std": 0.2,
                "si": 0.757786626942566,
                "si_delta": -0.0001857403869546248,
                "change_pct": -0.024504902152175174
              }
            ],
            "min_change_pct": -0.04053073052140511,
            "max_change_pct": 0.0
          },
          {
            "region": "late",
            "layer_range": [
              30,
              46
            ],
            "seed": 123,
            "si_method": "GLOBAL",
            "noise_tests": [
              {
                "noise_std": 0.0,
                "si": 0.7579723673295207,
                "si_delta": 0.0,
                "change_pct": 0.0
              },
              {
                "noise_std": 0.01,
                "si": 0.7579702757898584,
                "si_delta": -2.091539662241182e-06,
                "change_pct": -0.00027593877460336315
              },
              {
                "noise_std": 0.02,
                "si": 0.7579971090267164,
                "si_delta": 2.4741697195684864e-05,
                "change_pct": 0.003264195142476568
              },
              {
                "noise_std": 0.05,
                "si": 0.758015769845178,
                "si_delta": 4.340251565737585e-05,
                "change_pct": 0.0057261342930338055
              },
              {
                "noise_std": 0.1,
                "si": 0.757846896781593,
                "si_delta": -0.0001254705479276641,
                "change_pct": -0.016553446185607064
              },
              {
                "noise_std": 0.2,
                "si": 0.7579617080262164,
                "si_delta": -1.0659303304239032e-05,
                "change_pct": -0.0014062918074169068
              }
            ],
            "min_change_pct": -0.016553446185607064,
            "max_change_pct": 0.0057261342930338055
          },
          {
            "region": "all",
            "layer_range": [
              0,
              46
            ],
            "seed": 123,
            "si_method": "GLOBAL",
            "noise_tests": [
              {
                "noise_std": 0.0,
                "si": 0.7579723673295207,
                "si_delta": 0.0,
                "change_pct": 0.0
              },
              {
                "noise_std": 0.01,
                "si": 0.7580087549883838,
                "si_delta": 3.638765886315731e-05,
                "change_pct": 0.00480065770621136
              },
              {
                "noise_std": 0.02,
                "si": 0.7583055018336076,
                "si_delta": 0.00033313450408689604,
                "change_pct": 0.04395074523106846
              },
              {
                "noise_std": 0.05,
                "si": 0.7580269951045877,
                "si_delta": 5.462777506703986e-05,
                "change_pct": 0.007207093216274335
              },
              {
                "noise_std": 0.1,
                "si": 0.7581305789992927,
                "si_delta": 0.00015821166977203482,
                "change_pct": 0.02087301286845645
              },
              {
                "noise_std": 0.2,
                "si": 0.7577800164571977,
                "si_delta": -0.0001923508723229439,
                "change_pct": -0.025377029640359088
              }
            ],
            "min_change_pct": -0.025377029640359088,
            "max_change_pct": 0.04395074523106846
          }
        ],
        "local": [
          {
            "region": "early",
            "layer_range": [
              0,
              15
            ],
            "seed": 123,
            "si_method": "LOCAL",
            "noise_tests": [
              {
                "noise_std": 0.0,
                "si": 0.9456933894477485,
                "si_delta": 0.0,
                "change_pct": 0.0
              },
              {
                "noise_std": 0.01,
                "si": 0.945888512696357,
                "si_delta": 0.0001951232486084864,
                "change_pct": 0.0206328235753484
              },
              {
                "noise_std": 0.02,
                "si": 0.9459087747563246,
                "si_delta": 0.00021538530857612148,
                "change_pct": 0.022775384810704756
              },
              {
                "noise_std": 0.05,
                "si": 0.9459740146524652,
                "si_delta": 0.00028062520471672237,
                "change_pct": 0.02967401568499887
              },
              {
                "noise_std": 0.1,
                "si": 0.9462714227228738,
                "si_delta": 0.0005780332751252892,
                "change_pct": 0.061122693842963226
              },
              {
                "noise_std": 0.2,
                "si": 0.9475024818261392,
                "si_delta": 0.0018090923783906643,
                "change_pct": 0.19129798289560956
              }
            ],
            "min_change_pct": 0.0,
            "max_change_pct": 0.19129798289560956
          },
          {
            "region": "middle",
            "layer_range": [
              15,
              30
            ],
            "seed": 123,
            "si_method": "LOCAL",
            "noise_tests": [
              {
                "noise_std": 0.0,
                "si": 0.6716597234483737,
                "si_delta": 0.0,
                "change_pct": 0.0
              },
              {
                "noise_std": 0.01,
                "si": 0.6713001001712253,
                "si_delta": -0.0003596232771483354,
                "change_pct": -0.05354248060342083
              },
              {
                "noise_std": 0.02,
                "si": 0.6718817436997886,
                "si_delta": 0.00022202025141493387,
                "change_pct": 0.033055465984331754
              },
              {
                "noise_std": 0.05,
                "si": 0.6711782642428024,
                "si_delta": -0.0004814592055712996,
                "change_pct": -0.07168201229923926
              },
              {
                "noise_std": 0.1,
                "si": 0.6711207846994496,
                "si_delta": -0.0005389387489240782,
                "change_pct": -0.0802398491541384
              },
              {
                "noise_std": 0.2,
                "si": 0.6712858638191049,
                "si_delta": -0.0003738596292687246,
                "change_pct": -0.05566205866108642
              }
            ],
            "min_change_pct": -0.0802398491541384,
            "max_change_pct": 0.033055465984331754
          },
          {
            "region": "late",
            "layer_range": [
              30,
              46
            ],
            "seed": 123,
            "si_method": "LOCAL",
            "noise_tests": [
              {
                "noise_std": 0.0,
                "si": 0.7783438219489318,
                "si_delta": 0.0,
                "change_pct": 0.0
              },
              {
                "noise_std": 0.01,
                "si": 0.7782371711865016,
                "si_delta": -0.00010665076243021598,
                "change_pct": -0.013702268768982851
              },
              {
                "noise_std": 0.02,
                "si": 0.7783085161997922,
                "si_delta": -3.530574913956919e-05,
                "change_pct": -0.0045360094271918875
              },
              {
                "noise_std": 0.05,
                "si": 0.7784453823247383,
                "si_delta": 0.00010156037580644206,
                "change_pct": 0.01304826645275352
              },
              {
                "noise_std": 0.1,
                "si": 0.7780542528537492,
                "si_delta": -0.0002895690951826291,
                "change_pct": -0.037203236798046824
              },
              {
                "noise_std": 0.2,
                "si": 0.7786019879001116,
                "si_delta": 0.0002581659511797785,
                "change_pct": 0.03316862598502351
              }
            ],
            "min_change_pct": -0.037203236798046824,
            "max_change_pct": 0.03316862598502351
          },
          {
            "region": "all",
            "layer_range": [
              0,
              46
            ],
            "seed": 123,
            "si_method": "LOCAL",
            "noise_tests": [
              {
                "noise_std": 0.0,
                "si": 0.7579723673295207,
                "si_delta": 0.0,
                "change_pct": 0.0
              },
              {
                "noise_std": 0.01,
                "si": 0.7580087549883838,
                "si_delta": 3.638765886315731e-05,
                "change_pct": 0.00480065770621136
              },
              {
                "noise_std": 0.02,
                "si": 0.7583055018336076,
                "si_delta": 0.00033313450408689604,
                "change_pct": 0.04395074523106846
              },
              {
                "noise_std": 0.05,
                "si": 0.7580269951045877,
                "si_delta": 5.462777506703986e-05,
                "change_pct": 0.007207093216274335
              },
              {
                "noise_std": 0.1,
                "si": 0.7581305789992927,
                "si_delta": 0.00015821166977203482,
                "change_pct": 0.02087301286845645
              },
              {
                "noise_std": 0.2,
                "si": 0.7577800164571977,
                "si_delta": -0.0001923508723229439,
                "change_pct": -0.025377029640359088
              }
            ],
            "min_change_pct": -0.025377029640359088,
            "max_change_pct": 0.04395074523106846
          }
        ]
      },
      "456": {
        "global": [
          {
            "region": "early",
            "layer_range": [
              0,
              15
            ],
            "seed": 456,
            "si_method": "GLOBAL",
            "noise_tests": [
              {
                "noise_std": 0.0,
                "si": 0.7579723673295207,
                "si_delta": 0.0,
                "change_pct": 0.0
              },
              {
                "noise_std": 0.01,
                "si": 0.757893489356131,
                "si_delta": -7.887797338967939e-05,
                "change_pct": -0.01040644445490557
              },
              {
                "noise_std": 0.02,
                "si": 0.7581488815429445,
                "si_delta": 0.00017651421342379514,
                "change_pct": 0.023287684489830145
              },
              {
                "noise_std": 0.05,
                "si": 0.7580876169938147,
                "si_delta": 0.00011524966429399264,
                "change_pct": 0.015204995493442444
              },
              {
                "noise_std": 0.1,
                "si": 0.7583091455899781,
                "si_delta": 0.00033677826045741543,
                "change_pct": 0.04443146940091611
              },
              {
                "noise_std": 0.2,
                "si": 0.7572551466587218,
                "si_delta": -0.0007172206707988238,
                "change_pct": -0.0946235907419326
              }
            ],
            "min_change_pct": -0.0946235907419326,
            "max_change_pct": 0.04443146940091611
          },
          {
            "region": "middle",
            "layer_range": [
              15,
              30
            ],
            "seed": 456,
            "si_method": "GLOBAL",
            "noise_tests": [
              {
                "noise_std": 0.0,
                "si": 0.7579723673295207,
                "si_delta": 0.0,
                "change_pct": 0.0
              },
              {
                "noise_std": 0.01,
                "si": 0.7578081847000171,
                "si_delta": -0.0001641826295035731,
                "change_pct": -0.021660767144060858
              },
              {
                "noise_std": 0.02,
                "si": 0.7576681855880744,
                "si_delta": -0.0003041817414463077,
                "change_pct": -0.040130980304466414
              },
              {
                "noise_std": 0.05,
                "si": 0.7580777058306309,
                "si_delta": 0.00010533850111027476,
                "change_pct": 0.01389740650855151
              },
              {
                "noise_std": 0.1,
                "si": 0.7578004297161658,
                "si_delta": -0.00017193761335487778,
                "change_pct": -0.022683889382491128
              },
              {
                "noise_std": 0.2,
                "si": 0.7579356787221859,
                "si_delta": -3.6688607334744994e-05,
                "change_pct": -0.004840362118213605
              }
            ],
            "min_change_pct": -0.040130980304466414,
            "max_change_pct": 0.01389740650855151
          },
          {
            "region": "late",
            "layer_range": [
              30,
              46
            ],
            "seed": 456,
            "si_method": "GLOBAL",
            "noise_tests": [
              {
                "noise_std": 0.0,
                "si": 0.7579723673295207,
                "si_delta": 0.0,
                "change_pct": 0.0
              },
              {
                "noise_std": 0.01,
                "si": 0.7580489994887611,
                "si_delta": 7.663215924047506e-05,
                "change_pct": 0.010110152103626757
              },
              {
                "noise_std": 0.02,
                "si": 0.7579795233412636,
                "si_delta": 7.15601174294811e-06,
                "change_pct": 0.0009440992906060792
              },
              {
                "noise_std": 0.05,
                "si": 0.7580148891965255,
                "si_delta": 4.252186700481886e-05,
                "change_pct": 0.005609949496527347
              },
              {
                "noise_std": 0.1,
                "si": 0.7579971910159117,
                "si_delta": 2.482368639100674e-05,
                "change_pct": 0.0032750120533371497
              },
              {
                "noise_std": 0.2,
                "si": 0.7579916416636733,
                "si_delta": 1.927433415260804e-05,
                "change_pct": 0.0025428808467669014
              }
            ],
            "min_change_pct": 0.0,
            "max_change_pct": 0.010110152103626757
          },
          {
            "region": "all",
            "layer_range": [
              0,
              46
            ],
            "seed": 456,
            "si_method": "GLOBAL",
            "noise_tests": [
              {
                "noise_std": 0.0,
                "si": 0.7579723673295207,
                "si_delta": 0.0,
                "change_pct": 0.0
              },
              {
                "noise_std": 0.01,
                "si": 0.7581357579078414,
                "si_delta": 0.00016339057832071013,
                "change_pct": 0.021556271094204382
              },
              {
                "noise_std": 0.02,
                "si": 0.7580290623816699,
                "si_delta": 5.669505214922488e-05,
                "change_pct": 0.007479831006105436
              },
              {
                "noise_std": 0.05,
                "si": 0.7585351107793576,
                "si_delta": 0.0005627434498369777,
                "change_pct": 0.07424326718131279
              },
              {
                "noise_std": 0.1,
                "si": 0.757985775510452,
                "si_delta": 1.3408180931318014e-05,
                "change_pct": 0.0017689537916213964
              },
              {
                "noise_std": 0.2,
                "si": 0.7575589827479325,
                "si_delta": -0.00041338458158812763,
                "change_pct": -0.05453821265866978
              }
            ],
            "min_change_pct": -0.05453821265866978,
            "max_change_pct": 0.07424326718131279
          }
        ],
        "local": [
          {
            "region": "early",
            "layer_range": [
              0,
              15
            ],
            "seed": 456,
            "si_method": "LOCAL",
            "noise_tests": [
              {
                "noise_std": 0.0,
                "si": 0.9456933894477485,
                "si_delta": 0.0,
                "change_pct": 0.0
              },
              {
                "noise_std": 0.01,
                "si": 0.9456611888669835,
                "si_delta": -3.220058076502941e-05,
                "change_pct": -0.0034049704824344186
              },
              {
                "noise_std": 0.02,
                "si": 0.9457908575634912,
                "si_delta": 9.746811574273817e-05,
                "change_pct": 0.010306523956951428
              },
              {
                "noise_std": 0.05,
                "si": 0.9455177263950626,
                "si_delta": -0.00017566305268590376,
                "change_pct": -0.01857505346299235
              },
              {
                "noise_std": 0.1,
                "si": 0.9455386651081312,
                "si_delta": -0.00015472433961727372,
                "change_pct": -0.016360941225107565
              },
              {
                "noise_std": 0.2,
                "si": 0.9469362304743988,
                "si_delta": 0.0012428410266502876,
                "change_pct": 0.1314211392950587
              }
            ],
            "min_change_pct": -0.01857505346299235,
            "max_change_pct": 0.1314211392950587
          },
          {
            "region": "middle",
            "layer_range": [
              15,
              30
            ],
            "seed": 456,
            "si_method": "LOCAL",
            "noise_tests": [
              {
                "noise_std": 0.0,
                "si": 0.6716597234483737,
                "si_delta": 0.0,
                "change_pct": 0.0
              },
              {
                "noise_std": 0.01,
                "si": 0.6712472717283404,
                "si_delta": -0.0004124517200332356,
                "change_pct": -0.061407838766282405
              },
              {
                "noise_std": 0.02,
                "si": 0.6714852111400578,
                "si_delta": -0.00017451230831588838,
                "change_pct": -0.025982249973233965
              },
              {
                "noise_std": 0.05,
                "si": 0.6715776970311655,
                "si_delta": -8.202641720811421e-05,
                "change_pct": -0.012212496051867115
              },
              {
                "noise_std": 0.1,
                "si": 0.6714956604885729,
                "si_delta": -0.00016406295980075924,
                "change_pct": -0.024426499620736862
              },
              {
                "noise_std": 0.2,
                "si": 0.6710681286399813,
                "si_delta": -0.0005915948083923261,
                "change_pct": -0.0880795420268785
              }
            ],
            "min_change_pct": -0.0880795420268785,
            "max_change_pct": 0.0
          },
          {
            "region": "late",
            "layer_range": [
              30,
              46
            ],
            "seed": 456,
            "si_method": "LOCAL",
            "noise_tests": [
              {
                "noise_std": 0.0,
                "si": 0.7783438219489318,
                "si_delta": 0.0,
                "change_pct": 0.0
              },
              {
                "noise_std": 0.01,
                "si": 0.7783943395453277,
                "si_delta": 5.0517596395849296e-05,
                "change_pct": 0.006490396014110564
              },
              {
                "noise_std": 0.02,
                "si": 0.7783192123292343,
                "si_delta": -2.4609619697524288e-05,
                "change_pct": -0.003161792899685784
              },
              {
                "noise_std": 0.05,
                "si": 0.7784170484641424,
                "si_delta": 7.322651521057821e-05,
                "change_pct": 0.009407990806328093
              },
              {
                "noise_std": 0.1,
                "si": 0.7782764779444481,
                "si_delta": -6.734400448371591e-05,
                "change_pct": -0.008652218028157542
              },
              {
                "noise_std": 0.2,
                "si": 0.7781103292929564,
                "si_delta": -0.00023349265597538693,
                "change_pct": -0.029998652188275052
              }
            ],
            "min_change_pct": -0.029998652188275052,
            "max_change_pct": 0.009407990806328093
          },
          {
            "region": "all",
            "layer_range": [
              0,
              46
            ],
            "seed": 456,
            "si_method": "LOCAL",
            "noise_tests": [
              {
                "noise_std": 0.0,
                "si": 0.7579723673295207,
                "si_delta": 0.0,
                "change_pct": 0.0
              },
              {
                "noise_std": 0.01,
                "si": 0.7581357579078414,
                "si_delta": 0.00016339057832071013,
                "change_pct": 0.021556271094204382
              },
              {
                "noise_std": 0.02,
                "si": 0.7580290623816699,
                "si_delta": 5.669505214922488e-05,
                "change_pct": 0.007479831006105436
              },
              {
                "noise_std": 0.05,
                "si": 0.7585351107793576,
                "si_delta": 0.0005627434498369777,
                "change_pct": 0.07424326718131279
              },
              {
                "noise_std": 0.1,
                "si": 0.757985775510452,
                "si_delta": 1.3408180931318014e-05,
                "change_pct": 0.0017689537916213964
              },
              {
                "noise_std": 0.2,
                "si": 0.7575589827479325,
                "si_delta": -0.00041338458158812763,
                "change_pct": -0.05453821265866978
              }
            ],
            "min_change_pct": -0.05453821265866978,
            "max_change_pct": 0.07424326718131279
          }
        ]
      }
    },
    "aggregated": {
      "global": {
        "early": {
          "mean": -0.10630421004457608,
          "std": 0.043337890406357174,
          "values": [
            -0.1642495239357995,
            -0.06003951545599613,
            -0.0946235907419326
          ]
        },
        "middle": {
          "mean": -0.040859548492660734,
          "std": 0.0007652882579494101,
          "values": [
            -0.04191693465211068,
            -0.04053073052140511,
            -0.040130980304466414
          ]
        },
        "late": {
          "mean": -0.011966775747366315,
          "std": 0.00853829065388324,
          "values": [
            -0.019346881056491887,
            -0.016553446185607064,
            0.0
          ]
        },
        "all": {
          "mean": -0.04544838687595191,
          "std": 0.014213589120854601,
          "values": [
            -0.056429918328826864,
            -0.025377029640359088,
            -0.05453821265866978
          ]
        }
      },
      "local": {
        "early": {
          "mean": -0.019287364131902518,
          "std": 0.01604677323518039,
          "values": [
            -0.03928703893271521,
            0.0,
            -0.01857505346299235
          ]
        },
        "middle": {
          "mean": -0.08383967854883666,
          "std": 0.0032323808362262497,
          "values": [
            -0.08319964446549308,
            -0.0802398491541384,
            -0.0880795420268785
          ]
        },
        "late": {
          "mean": -0.035291596143868974,
          "std": 0.0037904633720224276,
          "values": [
            -0.038672899445285035,
            -0.037203236798046824,
            -0.029998652188275052
          ]
        },
        "all": {
          "mean": -0.04544838687595191,
          "std": 0.014213589120854601,
          "values": [
            -0.056429918328826864,
            -0.025377029640359088,
            -0.05453821265866978
          ]
        }
      }
    },
    "split_brain_verdict": {
      "verdict": "SPLIT_BRAIN_ARTIFACT",
      "detail": "Pattern NOT preserved: Middle/Late show healthy SI in FP",
      "precision_mode": "fp",
      "baseline_local_si": {
        "early": 0.9456933894477485,
        "middle": 0.6716597234483737,
        "late": 0.7783438219489318
      },
      "reference_8bit": {
        "early": 0.814,
        "middle": 0.0,
        "late": NaN
      }
    }
  },
  "split_brain_verdict": {
    "verdict": "SPLIT_BRAIN_ARTIFACT",
    "detail": "Pattern NOT preserved: Middle/Late show healthy SI in FP",
    "precision_mode": "fp",
    "baseline_local_si": {
      "early": 0.9456933894477485,
      "middle": 0.6716597234483737,
      "late": 0.7783438219489318
    },
    "reference_8bit": {
      "early": 0.814,
      "middle": 0.0,
      "late": NaN
    }
  },
  "runtime": {
    "gpu": "NVIDIA A100-SXM4-80GB",
    "gpu_memory_gb": 85.167243264
  }
}